-- MySQL dump 10.13  Distrib 8.0.11, for Win64 (x86_64)
--
-- Host: localhost    Database: my_manage
-- ------------------------------------------------------
-- Server version	8.0.11

/*!40101 SET @OLD_CHARACTER_SET_CLIENT=@@CHARACTER_SET_CLIENT */;
/*!40101 SET @OLD_CHARACTER_SET_RESULTS=@@CHARACTER_SET_RESULTS */;
/*!40101 SET @OLD_COLLATION_CONNECTION=@@COLLATION_CONNECTION */;
 SET NAMES utf8mb4 ;
/*!40103 SET @OLD_TIME_ZONE=@@TIME_ZONE */;
/*!40103 SET TIME_ZONE='+00:00' */;
/*!40014 SET @OLD_UNIQUE_CHECKS=@@UNIQUE_CHECKS, UNIQUE_CHECKS=0 */;
/*!40014 SET @OLD_FOREIGN_KEY_CHECKS=@@FOREIGN_KEY_CHECKS, FOREIGN_KEY_CHECKS=0 */;
/*!40101 SET @OLD_SQL_MODE=@@SQL_MODE, SQL_MODE='NO_AUTO_VALUE_ON_ZERO' */;
/*!40111 SET @OLD_SQL_NOTES=@@SQL_NOTES, SQL_NOTES=0 */;

--
-- Table structure for table `menu`
--

DROP TABLE IF EXISTS `menu`;
/*!40101 SET @saved_cs_client     = @@character_set_client */;
 SET character_set_client = utf8mb4 ;
CREATE TABLE `menu` (
  `menu_id` int(11) NOT NULL AUTO_INCREMENT COMMENT '主键id',
  `menu_pid` int(11) DEFAULT NULL COMMENT '父id',
  `menu_pids` varchar(64) DEFAULT NULL COMMENT '所有的父id',
  `menu_name` varchar(20) DEFAULT NULL COMMENT '菜单名称',
  `url` varchar(64) DEFAULT NULL COMMENT '菜单路径',
  `permission` varchar(64) DEFAULT NULL COMMENT '权限标识',
  `icon` varchar(50) CHARACTER SET utf8 COLLATE utf8_general_ci DEFAULT NULL COMMENT '菜单图标',
  `type` varchar(5) DEFAULT NULL COMMENT '菜单类型',
  `status` int(2) DEFAULT '1' COMMENT '状态,1可用0不可用',
  `sort` int(4) DEFAULT NULL COMMENT '排序',
  `create_time` datetime DEFAULT CURRENT_TIMESTAMP COMMENT '创建时间',
  `update_time` datetime DEFAULT CURRENT_TIMESTAMP ON UPDATE CURRENT_TIMESTAMP COMMENT '更新时间',
  `deleted` int(2) DEFAULT '0' COMMENT '是否删除,1已删0未删',
  `hidden` int(2) DEFAULT '0' COMMENT '隐藏',
  `component` varchar(255) DEFAULT NULL COMMENT '组件',
  PRIMARY KEY (`menu_id`)
) ENGINE=InnoDB AUTO_INCREMENT=33 DEFAULT CHARSET=utf8 COMMENT='菜单表';
/*!40101 SET character_set_client = @saved_cs_client */;

--
-- Dumping data for table `menu`
--

LOCK TABLES `menu` WRITE;
/*!40000 ALTER TABLE `menu` DISABLE KEYS */;
INSERT INTO `menu` VALUES (1,NULL,NULL,'系统管理','system',NULL,'el-icon-setting','0',1,NULL,'2021-02-18 20:19:01','2021-02-24 16:28:39',0,0,NULL),(2,1,'1','用户管理','user',NULL,'el-icon-user','0',1,NULL,'2021-02-18 20:20:27','2021-02-24 20:25:22',0,0,'user/index'),(3,2,'1,2','用户查询',NULL,'user:list',NULL,'1',1,NULL,'2021-02-18 20:23:52','2021-03-12 18:07:22',0,0,NULL),(4,1,'1','角色管理','role',NULL,'el-icon-s-custom','0',1,NULL,'2021-02-24 20:25:22','2021-03-12 19:18:40',0,0,'role/index'),(5,1,'1','菜单管理','menu',NULL,'el-icon-menu','0',1,NULL,'2021-02-24 20:27:23','2021-03-19 22:33:53',0,0,'menu/index'),(6,2,'1,2','用户删除',NULL,'user:delete',NULL,'1',1,NULL,'2021-03-08 15:11:37','2021-03-12 18:07:22',0,0,NULL),(7,2,'1,2','用户编辑',NULL,'user:edit',NULL,'1',1,NULL,'2021-03-08 15:12:24','2021-03-12 18:07:22',0,0,NULL),(8,2,'1,2','用户新增',NULL,'user:add',NULL,'1',1,NULL,'2021-03-08 15:12:43','2021-03-12 18:07:22',0,0,NULL),(9,5,'1,5','菜单新增',NULL,'menu:add',NULL,'1',1,NULL,'2021-03-08 15:13:17','2021-03-19 22:34:42',0,0,NULL),(10,5,'1,5','菜单查询',NULL,'menu:list',NULL,'1',1,NULL,'2021-03-08 15:13:42','2021-03-08 15:13:42',0,0,NULL),(11,5,'1,5','菜单编辑',NULL,'menu:edit',NULL,'1',1,NULL,'2021-03-08 15:14:21','2021-03-08 15:14:21',0,0,NULL),(16,1,'1','导航','guide',NULL,'el-icon-guide','0',1,NULL,'2021-03-08 15:18:52','2021-03-12 19:06:18',1,0,'guide/index'),(19,NULL,NULL,'监控管理','monitor',NULL,'el-icon-monitor','0',1,NULL,'2021-03-08 15:44:40','2021-03-08 15:44:40',0,0,NULL),(20,4,'1,4','角色新增',NULL,'role:add',NULL,'1',1,NULL,'2021-03-12 19:14:17','2021-03-12 19:18:40',0,0,NULL),(21,4,'1,4','角色修改',NULL,'role:edit',NULL,'1',1,NULL,'2021-03-12 19:15:08','2021-03-12 19:18:40',0,0,NULL),(22,4,'1,4','角色查询',NULL,'role:list',NULL,'1',1,NULL,'2021-03-12 19:15:45','2021-03-12 19:18:40',0,0,NULL),(23,4,'1,4','角色删除',NULL,'role:delete',NULL,'1',1,NULL,'2021-03-12 19:16:04','2021-03-12 19:18:40',0,0,NULL),(24,5,'1,5','菜单删除',NULL,'menu:delete',NULL,'1',1,NULL,'2021-03-12 19:16:53','2021-03-12 19:16:53',0,0,NULL),(25,4,'1,4','分配权限',NULL,'role:permission',NULL,'1',1,NULL,'2021-03-13 21:18:39','2021-03-13 21:18:39',0,0,NULL),(26,19,'19','Sql监控','sql',NULL,'el-icon-data-line','0',1,NULL,'2021-04-11 11:54:38','2021-04-11 12:02:57',0,0,'monitor/sql/index'),(27,NULL,NULL,'系统工具','tool',NULL,'el-icon-s-tools','0',1,NULL,'2021-04-11 11:57:49','2021-04-11 11:57:49',0,0,NULL),(28,27,'27','Swagger文档','swagger',NULL,'el-icon-document','0',1,NULL,'2021-04-11 11:59:25','2021-04-11 12:02:43',0,0,'tool/swagger/index'),(29,19,'19','服务监控','server',NULL,'el-icon-view','0',1,NULL,'2021-04-11 17:35:31','2021-04-11 17:35:31',0,0,'monitor/server/index'),(30,19,'19','日志监控','log',NULL,'el-icon-date','0',1,NULL,'2021-04-17 17:50:18','2021-04-17 17:50:18',0,0,'monitor/log/index'),(31,30,'19,30','日志查询',NULL,'role:list',NULL,'1',1,NULL,'2021-04-17 17:51:23','2021-04-17 17:51:23',0,0,NULL),(32,27,'27','聊天室','chat',NULL,'el-icon-chat-line-round','0',1,NULL,'2021-05-03 21:49:20','2021-05-03 21:49:20',0,0,'tool/chat/index');
/*!40000 ALTER TABLE `menu` ENABLE KEYS */;
UNLOCK TABLES;

--
-- Table structure for table `role`
--

DROP TABLE IF EXISTS `role`;
/*!40101 SET @saved_cs_client     = @@character_set_client */;
 SET character_set_client = utf8mb4 ;
CREATE TABLE `role` (
  `role_id` int(11) NOT NULL AUTO_INCREMENT COMMENT '主键id',
  `role_name` varchar(20) DEFAULT NULL COMMENT '角色名称',
  `role_code` varchar(20) DEFAULT NULL COMMENT '角色英文名称',
  `status` int(2) DEFAULT '1' COMMENT '状态,1可用0不可用',
  `update_time` datetime DEFAULT CURRENT_TIMESTAMP ON UPDATE CURRENT_TIMESTAMP COMMENT '更新时间',
  `create_time` datetime NOT NULL DEFAULT CURRENT_TIMESTAMP COMMENT '创建时间',
  `deleted` int(2) DEFAULT '0' COMMENT '是否删除,1已删0未删',
  `sort` int(5) DEFAULT NULL COMMENT '排序',
  PRIMARY KEY (`role_id`)
) ENGINE=InnoDB AUTO_INCREMENT=5 DEFAULT CHARSET=utf8 COMMENT='角色表';
/*!40101 SET character_set_client = @saved_cs_client */;

--
-- Dumping data for table `role`
--

LOCK TABLES `role` WRITE;
/*!40000 ALTER TABLE `role` DISABLE KEYS */;
INSERT INTO `role` VALUES (1,'管理员','admin',1,'2021-03-19 22:31:06','2021-02-18 15:36:40',0,1),(2,'测试人员','test',1,'2021-03-06 21:30:04','2021-03-04 14:21:24',0,2),(3,'普通用户','common',1,'2021-03-13 11:27:21','2021-03-12 23:25:35',0,NULL);
/*!40000 ALTER TABLE `role` ENABLE KEYS */;
UNLOCK TABLES;

--
-- Table structure for table `role_menu`
--

DROP TABLE IF EXISTS `role_menu`;
/*!40101 SET @saved_cs_client     = @@character_set_client */;
 SET character_set_client = utf8mb4 ;
CREATE TABLE `role_menu` (
  `id` int(11) NOT NULL AUTO_INCREMENT COMMENT '主键id',
  `role_id` int(11) DEFAULT NULL COMMENT '角色id',
  `menu_id` int(11) DEFAULT NULL COMMENT '菜单id',
  PRIMARY KEY (`id`)
) ENGINE=InnoDB AUTO_INCREMENT=237 DEFAULT CHARSET=utf8 COMMENT='角色和菜单关联表';
/*!40101 SET character_set_client = @saved_cs_client */;

--
-- Dumping data for table `role_menu`
--

LOCK TABLES `role_menu` WRITE;
/*!40000 ALTER TABLE `role_menu` DISABLE KEYS */;
INSERT INTO `role_menu` VALUES (104,3,7),(105,3,8),(106,3,21),(107,3,10),(108,3,1),(109,3,2),(110,3,4),(111,3,5),(198,1,1),(199,1,2),(200,1,3),(201,1,6),(202,1,7),(203,1,8),(204,1,4),(205,1,20),(206,1,21),(207,1,22),(208,1,23),(209,1,25),(210,1,5),(211,1,9),(212,1,10),(213,1,11),(214,1,24),(215,1,19),(216,1,26),(217,1,29),(218,1,30),(219,1,31),(220,1,27),(221,1,28),(222,1,32),(223,2,3),(224,2,7),(225,2,8),(226,2,22),(227,2,9),(228,2,10),(229,2,11),(230,2,27),(231,2,28),(232,2,32),(233,2,1),(234,2,2),(235,2,4),(236,2,5);
/*!40000 ALTER TABLE `role_menu` ENABLE KEYS */;
UNLOCK TABLES;

--
-- Table structure for table `sys_log`
--

DROP TABLE IF EXISTS `sys_log`;
/*!40101 SET @saved_cs_client     = @@character_set_client */;
 SET character_set_client = utf8mb4 ;
CREATE TABLE `sys_log` (
  `log_id` int(20) NOT NULL AUTO_INCREMENT COMMENT '主键id',
  `type` varchar(255) DEFAULT NULL COMMENT '日志类型',
  `description` varchar(255) DEFAULT NULL COMMENT '日志描述',
  `ip` varchar(30) DEFAULT NULL COMMENT '操作ip地址',
  `addr` varchar(25) DEFAULT NULL COMMENT '操作地址',
  `request_uri` varchar(30) DEFAULT NULL COMMENT '请求uri',
  `method_name` varchar(255) NOT NULL,
  `method` varchar(10) DEFAULT NULL COMMENT '请求方式(POST,GET,PUT,DELETE)',
  `params` varchar(100) DEFAULT NULL COMMENT '请求提交参数',
  `time` bigint(20) DEFAULT NULL COMMENT '请求时间',
  `exception_detail` text COMMENT '错误详情',
  `create_by` varchar(20) DEFAULT NULL COMMENT '操作人',
  `create_time` timestamp NULL DEFAULT CURRENT_TIMESTAMP COMMENT '创建时间',
  PRIMARY KEY (`log_id`)
) ENGINE=InnoDB AUTO_INCREMENT=65 DEFAULT CHARSET=utf8 COMMENT='系统日志表';
/*!40101 SET character_set_client = @saved_cs_client */;

--
-- Dumping data for table `sys_log`
--

LOCK TABLES `sys_log` WRITE;
/*!40000 ALTER TABLE `sys_log` DISABLE KEYS */;
INSERT INTO `sys_log` VALUES (5,'INFO','查询角色','127.0.0.1','内网IP','/role','com.guixin.controller.RoleController.PageRoleList()','GET','pageNum=%5B1%5D&pageSize=%5B5%5D&query=%5B%5D',18,NULL,'admin','2021-04-17 09:29:12'),(6,'INFO','查询菜单','127.0.0.1','内网IP','/menu','com.guixin.controller.MenuController.getAllMenus()','GET','',37,NULL,'admin','2021-04-17 09:29:14'),(11,'INFO','查询服务监控','127.0.0.1','内网IP','/monitor','com.guixin.controller.MonitorController.MonitorQuery()','GET','',1079,NULL,'admin','2021-04-17 09:29:49'),(12,'INFO','查询服务监控','127.0.0.1','内网IP','/monitor','com.guixin.controller.MonitorController.MonitorQuery()','GET','',1069,NULL,'admin','2021-04-17 09:29:52'),(17,'INFO','个人中心编辑信息','127.0.0.1','内网IP','/user/center','com.guixin.controller.UserController.center()','POST','',211,NULL,'test','2021-04-17 09:33:33'),(20,'INFO','查询菜单','127.0.0.1','内网IP','/menu','com.guixin.controller.MenuController.getAllMenus()','GET','',18,NULL,'test','2021-04-17 09:36:33'),(24,'INFO','查询菜单','127.0.0.1','内网IP','/menu','com.guixin.controller.MenuController.getAllMenus()','GET','',64,NULL,'admin','2021-04-17 09:41:03'),(25,'INFO','查询角色','127.0.0.1','内网IP','/role','com.guixin.controller.RoleController.PageRoleList()','GET','pageNum=%5B1%5D&pageSize=%5B5%5D&query=%5B%5D',69,NULL,'admin','2021-04-17 09:41:31'),(27,'INFO','查询菜单','127.0.0.1','内网IP','/menu','com.guixin.controller.MenuController.getAllMenus()','GET','',14,NULL,'admin','2021-04-17 09:41:34'),(28,'INFO','查询角色','127.0.0.1','内网IP','/role','com.guixin.controller.RoleController.PageRoleList()','GET','pageNum=%5B1%5D&pageSize=%5B5%5D&query=%5B%5D',7,NULL,'admin','2021-04-17 09:42:04'),(29,'INFO','查询角色','127.0.0.1','内网IP','/role','com.guixin.controller.RoleController.PageRoleList()','GET','pageNum=%5B1%5D&pageSize=%5B5%5D&query=%5B%E7%AE%A1%E7%90%86%5D',98,NULL,'admin','2021-04-17 09:42:10'),(30,'INFO','查询菜单','127.0.0.1','内网IP','/menu','com.guixin.controller.MenuController.getAllMenus()','GET','',7,NULL,'admin','2021-04-17 09:42:37'),(31,'INFO','查询角色','127.0.0.1','内网IP','/role','com.guixin.controller.RoleController.PageRoleList()','GET','pageNum=%5B1%5D&pageSize=%5B5%5D&query=%5B%5D',5,NULL,'admin','2021-04-17 09:42:54'),(33,'INFO','查询角色','127.0.0.1','内网IP','/role','com.guixin.controller.RoleController.PageRoleList()','GET','pageNum=%5B1%5D&pageSize=%5B5%5D&query=%5B%5D',6,NULL,'admin','2021-04-17 09:45:18'),(34,'INFO','查询菜单','127.0.0.1','内网IP','/menu','com.guixin.controller.MenuController.getAllMenus()','GET','',14,NULL,'admin','2021-04-17 09:46:52'),(35,'INFO','新增菜单','127.0.0.1','内网IP','/menu','com.guixin.controller.MenuController.add()','POST','',424,NULL,'admin','2021-04-17 09:50:19'),(36,'INFO','查询菜单','127.0.0.1','内网IP','/menu','com.guixin.controller.MenuController.getAllMenus()','GET','',10,NULL,'admin','2021-04-17 09:50:19'),(37,'INFO','新增菜单','127.0.0.1','内网IP','/menu','com.guixin.controller.MenuController.add()','POST','',257,NULL,'admin','2021-04-17 09:51:23'),(38,'INFO','查询菜单','127.0.0.1','内网IP','/menu','com.guixin.controller.MenuController.getAllMenus()','GET','',7,NULL,'admin','2021-04-17 09:51:24'),(39,'INFO','查询角色','127.0.0.1','内网IP','/role','com.guixin.controller.RoleController.PageRoleList()','GET','pageNum=%5B1%5D&pageSize=%5B5%5D&query=%5B%5D',6,NULL,'admin','2021-04-17 09:51:58'),(40,'INFO','查询菜单','127.0.0.1','内网IP','/menu','com.guixin.controller.MenuController.getAllMenus()','GET','',8,NULL,'admin','2021-04-17 09:52:00'),(41,'INFO','分配权限','127.0.0.1','内网IP','/role/permission','com.guixin.controller.RoleController.Permission()','POST','',333,NULL,'admin','2021-04-17 09:52:09'),(43,'INFO','查询角色','127.0.0.1','内网IP','/role','com.guixin.controller.RoleController.PageRoleList()','GET','pageNum=%5B1%5D&pageSize=%5B5%5D&query=%5B%5D',6,NULL,'admin','2021-04-17 09:52:14'),(47,'INFO','查询用户','127.0.0.1','内网IP','/user','com.guixin.controller.UserController.getUserList()','GET','pageNum=%5B1%5D&pageSize=%5B8%5D&username=%5B%5D',66,NULL,'admin','2021-04-17 14:05:51'),(48,'INFO','删除用户','127.0.0.1','内网IP','/user','com.guixin.controller.UserController.del()','DELETE','',168,NULL,'admin','2021-04-17 14:05:55'),(49,'INFO','查询用户','127.0.0.1','内网IP','/user','com.guixin.controller.UserController.getUserList()','GET','pageNum=%5B1%5D&pageSize=%5B8%5D&username=%5B%5D',16,NULL,'admin','2021-04-17 14:05:56'),(50,'INFO','查询角色','127.0.0.1','内网IP','/role','com.guixin.controller.RoleController.PageRoleList()','GET','pageNum=%5B1%5D&pageSize=%5B5%5D&query=%5B%5D',175,NULL,'admin','2021-04-18 07:02:04'),(53,'ERROR','新增角色','127.0.0.1','内网IP','/role','com.guixin.controller.RoleController.add()','POST','',0,'com.guixin.exception.CustomException: 角色名已存在！\r\n	at com.guixin.service.impl.RoleServiceImpl.addRole(RoleServiceImpl.java:43)\r\n	at com.guixin.service.impl.RoleServiceImpl$$FastClassBySpringCGLIB$$a1bcd9c9.invoke(<generated>)\r\n	at org.springframework.cglib.proxy.MethodProxy.invoke(MethodProxy.java:218)\r\n	at org.springframework.aop.framework.CglibAopProxy$DynamicAdvisedInterceptor.intercept(CglibAopProxy.java:688)\r\n	at com.guixin.service.impl.RoleServiceImpl$$EnhancerBySpringCGLIB$$3cf1f570.addRole(<generated>)\r\n	at com.guixin.controller.RoleController.add(RoleController.java:69)\r\n	at com.guixin.controller.RoleController$$FastClassBySpringCGLIB$$a89f95c5.invoke(<generated>)\r\n	at org.springframework.cglib.proxy.MethodProxy.invoke(MethodProxy.java:218)\r\n	at org.springframework.aop.framework.CglibAopProxy$CglibMethodInvocation.invokeJoinpoint(CglibAopProxy.java:779)\r\n	at org.springframework.aop.framework.ReflectiveMethodInvocation.proceed(ReflectiveMethodInvocation.java:163)\r\n	at org.springframework.aop.framework.CglibAopProxy$CglibMethodInvocation.proceed(CglibAopProxy.java:750)\r\n	at org.springframework.aop.aspectj.AspectJAfterThrowingAdvice.invoke(AspectJAfterThrowingAdvice.java:64)\r\n	at org.springframework.aop.framework.ReflectiveMethodInvocation.proceed(ReflectiveMethodInvocation.java:175)\r\n	at org.springframework.aop.framework.CglibAopProxy$CglibMethodInvocation.proceed(CglibAopProxy.java:750)\r\n	at org.springframework.aop.aspectj.MethodInvocationProceedingJoinPoint.proceed(MethodInvocationProceedingJoinPoint.java:89)\r\n	at com.guixin.log.LogAspect.around(LogAspect.java:41)\r\n	at sun.reflect.NativeMethodAccessorImpl.invoke0(Native Method)\r\n	at sun.reflect.NativeMethodAccessorImpl.invoke(NativeMethodAccessorImpl.java:62)\r\n	at sun.reflect.DelegatingMethodAccessorImpl.invoke(DelegatingMethodAccessorImpl.java:43)\r\n	at java.lang.reflect.Method.invoke(Method.java:498)\r\n	at org.springframework.aop.aspectj.AbstractAspectJAdvice.invokeAdviceMethodWithGivenArgs(AbstractAspectJAdvice.java:634)\r\n	at org.springframework.aop.aspectj.AbstractAspectJAdvice.invokeAdviceMethod(AbstractAspectJAdvice.java:624)\r\n	at org.springframework.aop.aspectj.AspectJAroundAdvice.invoke(AspectJAroundAdvice.java:72)\r\n	at org.springframework.aop.framework.ReflectiveMethodInvocation.proceed(ReflectiveMethodInvocation.java:175)\r\n	at org.springframework.aop.framework.CglibAopProxy$CglibMethodInvocation.proceed(CglibAopProxy.java:750)\r\n	at org.springframework.security.access.intercept.aopalliance.MethodSecurityInterceptor.invoke(MethodSecurityInterceptor.java:61)\r\n	at org.springframework.aop.framework.ReflectiveMethodInvocation.proceed(ReflectiveMethodInvocation.java:186)\r\n	at org.springframework.aop.framework.CglibAopProxy$CglibMethodInvocation.proceed(CglibAopProxy.java:750)\r\n	at org.springframework.aop.interceptor.ExposeInvocationInterceptor.invoke(ExposeInvocationInterceptor.java:97)\r\n	at org.springframework.aop.framework.ReflectiveMethodInvocation.proceed(ReflectiveMethodInvocation.java:186)\r\n	at org.springframework.aop.framework.CglibAopProxy$CglibMethodInvocation.proceed(CglibAopProxy.java:750)\r\n	at org.springframework.aop.framework.CglibAopProxy$DynamicAdvisedInterceptor.intercept(CglibAopProxy.java:692)\r\n	at com.guixin.controller.RoleController$$EnhancerBySpringCGLIB$$18f43063.add(<generated>)\r\n	at sun.reflect.NativeMethodAccessorImpl.invoke0(Native Method)\r\n	at sun.reflect.NativeMethodAccessorImpl.invoke(NativeMethodAccessorImpl.java:62)\r\n	at sun.reflect.DelegatingMethodAccessorImpl.invoke(DelegatingMethodAccessorImpl.java:43)\r\n	at java.lang.reflect.Method.invoke(Method.java:498)\r\n	at org.springframework.web.method.support.InvocableHandlerMethod.doInvoke(InvocableHandlerMethod.java:197)\r\n	at org.springframework.web.method.support.InvocableHandlerMethod.invokeForRequest(InvocableHandlerMethod.java:141)\r\n	at org.springframework.web.servlet.mvc.method.annotation.ServletInvocableHandlerMethod.invokeAndHandle(ServletInvocableHandlerMethod.java:106)\r\n	at org.springframework.web.servlet.mvc.method.annotation.RequestMappingHandlerAdapter.invokeHandlerMethod(RequestMappingHandlerAdapter.java:894)\r\n	at org.springframework.web.servlet.mvc.method.annotation.RequestMappingHandlerAdapter.handleInternal(RequestMappingHandlerAdapter.java:808)\r\n	at org.springframework.web.servlet.mvc.method.AbstractHandlerMethodAdapter.handle(AbstractHandlerMethodAdapter.java:87)\r\n	at org.springframework.web.servlet.DispatcherServlet.doDispatch(DispatcherServlet.java:1060)\r\n	at org.springframework.web.servlet.DispatcherServlet.doService(DispatcherServlet.java:962)\r\n	at org.springframework.web.servlet.FrameworkServlet.processRequest(FrameworkServlet.java:1006)\r\n	at org.springframework.web.servlet.FrameworkServlet.doPost(FrameworkServlet.java:909)\r\n	at javax.servlet.http.HttpServlet.service(HttpServlet.java:652)\r\n	at org.springframework.web.servlet.FrameworkServlet.service(FrameworkServlet.java:883)\r\n	at javax.servlet.http.HttpServlet.service(HttpServlet.java:733)\r\n	at org.apache.catalina.core.ApplicationFilterChain.internalDoFilter(ApplicationFilterChain.java:231)\r\n	at org.apache.catalina.core.ApplicationFilterChain.doFilter(ApplicationFilterChain.java:166)\r\n	at org.apache.tomcat.websocket.server.WsFilter.doFilter(WsFilter.java:53)\r\n	at org.apache.catalina.core.ApplicationFilterChain.internalDoFilter(ApplicationFilterChain.java:193)\r\n	at org.apache.catalina.core.ApplicationFilterChain.doFilter(ApplicationFilterChain.java:166)\r\n	at org.springframework.web.filter.OncePerRequestFilter.doFilter(OncePerRequestFilter.java:113)\r\n	at org.apache.catalina.core.ApplicationFilterChain.internalDoFilter(ApplicationFilterChain.java:193)\r\n	at org.apache.catalina.core.ApplicationFilterChain.doFilter(ApplicationFilterChain.java:166)\r\n	at org.springframework.security.web.FilterChainProxy$VirtualFilterChain.doFilter(FilterChainProxy.java:327)\r\n	at org.springframework.security.web.access.intercept.FilterSecurityInterceptor.invoke(FilterSecurityInterceptor.java:115)\r\n	at org.springframework.security.web.access.intercept.FilterSecurityInterceptor.doFilter(FilterSecurityInterceptor.java:81)\r\n	at org.springframework.security.web.FilterChainProxy$VirtualFilterChain.doFilter(FilterChainProxy.java:336)\r\n	at org.springframework.security.web.access.ExceptionTranslationFilter.doFilter(ExceptionTranslationFilter.java:119)\r\n	at org.springframework.security.web.access.ExceptionTranslationFilter.doFilter(ExceptionTranslationFilter.java:113)\r\n	at org.springframework.security.web.FilterChainProxy$VirtualFilterChain.doFilter(FilterChainProxy.java:336)\r\n	at org.springframework.security.web.session.SessionManagementFilter.doFilter(SessionManagementFilter.java:126)\r\n	at org.springframework.security.web.session.SessionManagementFilter.doFilter(SessionManagementFilter.java:81)\r\n	at org.springframework.security.web.FilterChainProxy$VirtualFilterChain.doFilter(FilterChainProxy.java:336)\r\n	at org.springframework.security.web.authentication.AnonymousAuthenticationFilter.doFilter(AnonymousAuthenticationFilter.java:105)\r\n	at org.springframework.security.web.FilterChainProxy$VirtualFilterChain.doFilter(FilterChainProxy.java:336)\r\n	at org.springframework.security.web.servletapi.SecurityContextHolderAwareRequestFilter.doFilter(SecurityContextHolderAwareRequestFilter.java:149)\r\n	at org.springframework.security.web.FilterChainProxy$VirtualFilterChain.doFilter(FilterChainProxy.java:336)\r\n	at org.springframework.security.web.savedrequest.RequestCacheAwareFilter.doFilter(RequestCacheAwareFilter.java:63)\r\n	at org.springframework.security.web.FilterChainProxy$VirtualFilterChain.doFilter(FilterChainProxy.java:336)\r\n	at org.springframework.security.web.authentication.AbstractAuthenticationProcessingFilter.doFilter(AbstractAuthenticationProcessingFilter.java:218)\r\n	at org.springframework.security.web.authentication.AbstractAuthenticationProcessingFilter.doFilter(AbstractAuthenticationProcessingFilter.java:212)\r\n	at org.springframework.security.web.FilterChainProxy$VirtualFilterChain.doFilter(FilterChainProxy.java:336)\r\n	at com.guixin.auth.JwtAuthenticationTokenFilter.doFilterInternal(JwtAuthenticationTokenFilter.java:48)\r\n	at org.springframework.web.filter.OncePerRequestFilter.doFilter(OncePerRequestFilter.java:119)\r\n	at org.springframework.security.web.FilterChainProxy$VirtualFilterChain.doFilter(FilterChainProxy.java:336)\r\n	at org.springframework.security.web.authentication.logout.LogoutFilter.doFilter(LogoutFilter.java:103)\r\n	at org.springframework.security.web.authentication.logout.LogoutFilter.doFilter(LogoutFilter.java:89)\r\n	at org.springframework.security.web.FilterChainProxy$VirtualFilterChain.doFilter(FilterChainProxy.java:336)\r\n	at org.springframework.security.web.header.HeaderWriterFilter.doHeadersAfter(HeaderWriterFilter.java:90)\r\n	at org.springframework.security.web.header.HeaderWriterFilter.doFilterInternal(HeaderWriterFilter.java:75)\r\n	at org.springframework.web.filter.OncePerRequestFilter.doFilter(OncePerRequestFilter.java:119)\r\n	at org.springframework.security.web.FilterChainProxy$VirtualFilterChain.doFilter(FilterChainProxy.java:336)\r\n	at org.springframework.security.web.context.SecurityContextPersistenceFilter.doFilter(SecurityContextPersistenceFilter.java:110)\r\n	at org.springframework.security.web.context.SecurityContextPersistenceFilter.doFilter(SecurityContextPersistenceFilter.java:80)\r\n	at org.springframework.security.web.FilterChainProxy$VirtualFilterChain.doFilter(FilterChainProxy.java:336)\r\n	at org.springframework.security.web.context.request.async.WebAsyncManagerIntegrationFilter.doFilterInternal(WebAsyncManagerIntegrationFilter.java:55)\r\n	at org.springframework.web.filter.OncePerRequestFilter.doFilter(OncePerRequestFilter.java:119)\r\n	at org.springframework.security.web.FilterChainProxy$VirtualFilterChain.doFilter(FilterChainProxy.java:336)\r\n	at org.springframework.security.web.FilterChainProxy.doFilterInternal(FilterChainProxy.java:211)\r\n	at org.springframework.security.web.FilterChainProxy.doFilter(FilterChainProxy.java:183)\r\n	at org.springframework.web.filter.DelegatingFilterProxy.invokeDelegate(DelegatingFilterProxy.java:358)\r\n	at org.springframework.web.filter.DelegatingFilterProxy.doFilter(DelegatingFilterProxy.java:271)\r\n	at org.apache.catalina.core.ApplicationFilterChain.internalDoFilter(ApplicationFilterChain.java:193)\r\n	at org.apache.catalina.core.ApplicationFilterChain.doFilter(ApplicationFilterChain.java:166)\r\n	at org.springframework.web.filter.RequestContextFilter.doFilterInternal(RequestContextFilter.java:100)\r\n	at org.springframework.web.filter.OncePerRequestFilter.doFilter(OncePerRequestFilter.java:119)\r\n	at org.apache.catalina.core.ApplicationFilterChain.internalDoFilter(ApplicationFilterChain.java:193)\r\n	at org.apache.catalina.core.ApplicationFilterChain.doFilter(ApplicationFilterChain.java:166)\r\n	at org.springframework.web.filter.FormContentFilter.doFilterInternal(FormContentFilter.java:93)\r\n	at org.springframework.web.filter.OncePerRequestFilter.doFilter(OncePerRequestFilter.java:119)\r\n	at org.apache.catalina.core.ApplicationFilterChain.internalDoFilter(ApplicationFilterChain.java:193)\r\n	at org.apache.catalina.core.ApplicationFilterChain.doFilter(ApplicationFilterChain.java:166)\r\n	at org.springframework.web.filter.CharacterEncodingFilter.doFilterInternal(CharacterEncodingFilter.java:201)\r\n	at org.springframework.web.filter.OncePerRequestFilter.doFilter(OncePerRequestFilter.java:119)\r\n	at org.apache.catalina.core.ApplicationFilterChain.internalDoFilter(ApplicationFilterChain.java:193)\r\n	at org.apache.catalina.core.ApplicationFilterChain.doFilter(ApplicationFilterChain.java:166)\r\n	at org.apache.catalina.core.StandardWrapperValve.invoke(StandardWrapperValve.java:202)\r\n	at org.apache.catalina.core.StandardContextValve.invoke(StandardContextValve.java:97)\r\n	at org.apache.catalina.authenticator.AuthenticatorBase.invoke(AuthenticatorBase.java:542)\r\n	at org.apache.catalina.core.StandardHostValve.invoke(StandardHostValve.java:143)\r\n	at org.apache.catalina.valves.ErrorReportValve.invoke(ErrorReportValve.java:92)\r\n	at org.apache.catalina.core.StandardEngineValve.invoke(StandardEngineValve.java:78)\r\n	at org.apache.catalina.connector.CoyoteAdapter.service(CoyoteAdapter.java:343)\r\n	at org.apache.coyote.http11.Http11Processor.service(Http11Processor.java:374)\r\n	at org.apache.coyote.AbstractProcessorLight.process(AbstractProcessorLight.java:65)\r\n	at org.apache.coyote.AbstractProtocol$ConnectionHandler.process(AbstractProtocol.java:888)\r\n	at org.apache.tomcat.util.net.NioEndpoint$SocketProcessor.doRun(NioEndpoint.java:1597)\r\n	at org.apache.tomcat.util.net.SocketProcessorBase.run(SocketProcessorBase.java:49)\r\n	at java.util.concurrent.ThreadPoolExecutor.runWorker(ThreadPoolExecutor.java:1149)\r\n	at java.util.concurrent.ThreadPoolExecutor$Worker.run(ThreadPoolExecutor.java:624)\r\n	at org.apache.tomcat.util.threads.TaskThread$WrappingRunnable.run(TaskThread.java:61)\r\n	at java.lang.Thread.run(Thread.java:748)\r\n','admin','2021-04-18 07:28:00'),(54,'ERROR','新增角色','127.0.0.1','内网IP','/role','com.guixin.controller.RoleController.add()','POST','',136,'com.guixin.exception.CustomException: 角色名已存在！\r\n	at com.guixin.service.impl.RoleServiceImpl.addRole(RoleServiceImpl.java:43)\r\n	at com.guixin.service.impl.RoleServiceImpl$$FastClassBySpringCGLIB$$a1bcd9c9.invoke(<generated>)\r\n	at org.springframework.cglib.proxy.MethodProxy.invoke(MethodProxy.java:218)\r\n	at org.springframework.aop.framework.CglibAopProxy$DynamicAdvisedInterceptor.intercept(CglibAopProxy.java:688)\r\n	at com.guixin.service.impl.RoleServiceImpl$$EnhancerBySpringCGLIB$$40672c9.addRole(<generated>)\r\n	at com.guixin.controller.RoleController.add(RoleController.java:69)\r\n	at com.guixin.controller.RoleController$$FastClassBySpringCGLIB$$a89f95c5.invoke(<generated>)\r\n	at org.springframework.cglib.proxy.MethodProxy.invoke(MethodProxy.java:218)\r\n	at org.springframework.aop.framework.CglibAopProxy$CglibMethodInvocation.invokeJoinpoint(CglibAopProxy.java:779)\r\n	at org.springframework.aop.framework.ReflectiveMethodInvocation.proceed(ReflectiveMethodInvocation.java:163)\r\n	at org.springframework.aop.framework.CglibAopProxy$CglibMethodInvocation.proceed(CglibAopProxy.java:750)\r\n	at org.springframework.aop.aspectj.AspectJAfterThrowingAdvice.invoke(AspectJAfterThrowingAdvice.java:64)\r\n	at org.springframework.aop.framework.ReflectiveMethodInvocation.proceed(ReflectiveMethodInvocation.java:175)\r\n	at org.springframework.aop.framework.CglibAopProxy$CglibMethodInvocation.proceed(CglibAopProxy.java:750)\r\n	at org.springframework.aop.aspectj.MethodInvocationProceedingJoinPoint.proceed(MethodInvocationProceedingJoinPoint.java:89)\r\n	at com.guixin.log.LogAspect.around(LogAspect.java:41)\r\n	at sun.reflect.NativeMethodAccessorImpl.invoke0(Native Method)\r\n	at sun.reflect.NativeMethodAccessorImpl.invoke(NativeMethodAccessorImpl.java:62)\r\n	at sun.reflect.DelegatingMethodAccessorImpl.invoke(DelegatingMethodAccessorImpl.java:43)\r\n	at java.lang.reflect.Method.invoke(Method.java:498)\r\n	at org.springframework.aop.aspectj.AbstractAspectJAdvice.invokeAdviceMethodWithGivenArgs(AbstractAspectJAdvice.java:634)\r\n	at org.springframework.aop.aspectj.AbstractAspectJAdvice.invokeAdviceMethod(AbstractAspectJAdvice.java:624)\r\n	at org.springframework.aop.aspectj.AspectJAroundAdvice.invoke(AspectJAroundAdvice.java:72)\r\n	at org.springframework.aop.framework.ReflectiveMethodInvocation.proceed(ReflectiveMethodInvocation.java:175)\r\n	at org.springframework.aop.framework.CglibAopProxy$CglibMethodInvocation.proceed(CglibAopProxy.java:750)\r\n	at org.springframework.security.access.intercept.aopalliance.MethodSecurityInterceptor.invoke(MethodSecurityInterceptor.java:61)\r\n	at org.springframework.aop.framework.ReflectiveMethodInvocation.proceed(ReflectiveMethodInvocation.java:186)\r\n	at org.springframework.aop.framework.CglibAopProxy$CglibMethodInvocation.proceed(CglibAopProxy.java:750)\r\n	at org.springframework.aop.interceptor.ExposeInvocationInterceptor.invoke(ExposeInvocationInterceptor.java:97)\r\n	at org.springframework.aop.framework.ReflectiveMethodInvocation.proceed(ReflectiveMethodInvocation.java:186)\r\n	at org.springframework.aop.framework.CglibAopProxy$CglibMethodInvocation.proceed(CglibAopProxy.java:750)\r\n	at org.springframework.aop.framework.CglibAopProxy$DynamicAdvisedInterceptor.intercept(CglibAopProxy.java:692)\r\n	at com.guixin.controller.RoleController$$EnhancerBySpringCGLIB$$f80d43a6.add(<generated>)\r\n	at sun.reflect.NativeMethodAccessorImpl.invoke0(Native Method)\r\n	at sun.reflect.NativeMethodAccessorImpl.invoke(NativeMethodAccessorImpl.java:62)\r\n	at sun.reflect.DelegatingMethodAccessorImpl.invoke(DelegatingMethodAccessorImpl.java:43)\r\n	at java.lang.reflect.Method.invoke(Method.java:498)\r\n	at org.springframework.web.method.support.InvocableHandlerMethod.doInvoke(InvocableHandlerMethod.java:197)\r\n	at org.springframework.web.method.support.InvocableHandlerMethod.invokeForRequest(InvocableHandlerMethod.java:141)\r\n	at org.springframework.web.servlet.mvc.method.annotation.ServletInvocableHandlerMethod.invokeAndHandle(ServletInvocableHandlerMethod.java:106)\r\n	at org.springframework.web.servlet.mvc.method.annotation.RequestMappingHandlerAdapter.invokeHandlerMethod(RequestMappingHandlerAdapter.java:894)\r\n	at org.springframework.web.servlet.mvc.method.annotation.RequestMappingHandlerAdapter.handleInternal(RequestMappingHandlerAdapter.java:808)\r\n	at org.springframework.web.servlet.mvc.method.AbstractHandlerMethodAdapter.handle(AbstractHandlerMethodAdapter.java:87)\r\n	at org.springframework.web.servlet.DispatcherServlet.doDispatch(DispatcherServlet.java:1060)\r\n	at org.springframework.web.servlet.DispatcherServlet.doService(DispatcherServlet.java:962)\r\n	at org.springframework.web.servlet.FrameworkServlet.processRequest(FrameworkServlet.java:1006)\r\n	at org.springframework.web.servlet.FrameworkServlet.doPost(FrameworkServlet.java:909)\r\n	at javax.servlet.http.HttpServlet.service(HttpServlet.java:652)\r\n	at org.springframework.web.servlet.FrameworkServlet.service(FrameworkServlet.java:883)\r\n	at javax.servlet.http.HttpServlet.service(HttpServlet.java:733)\r\n	at org.apache.catalina.core.ApplicationFilterChain.internalDoFilter(ApplicationFilterChain.java:231)\r\n	at org.apache.catalina.core.ApplicationFilterChain.doFilter(ApplicationFilterChain.java:166)\r\n	at org.apache.tomcat.websocket.server.WsFilter.doFilter(WsFilter.java:53)\r\n	at org.apache.catalina.core.ApplicationFilterChain.internalDoFilter(ApplicationFilterChain.java:193)\r\n	at org.apache.catalina.core.ApplicationFilterChain.doFilter(ApplicationFilterChain.java:166)\r\n	at org.springframework.web.filter.OncePerRequestFilter.doFilter(OncePerRequestFilter.java:113)\r\n	at org.apache.catalina.core.ApplicationFilterChain.internalDoFilter(ApplicationFilterChain.java:193)\r\n	at org.apache.catalina.core.ApplicationFilterChain.doFilter(ApplicationFilterChain.java:166)\r\n	at org.springframework.security.web.FilterChainProxy$VirtualFilterChain.doFilter(FilterChainProxy.java:327)\r\n	at org.springframework.security.web.access.intercept.FilterSecurityInterceptor.invoke(FilterSecurityInterceptor.java:115)\r\n	at org.springframework.security.web.access.intercept.FilterSecurityInterceptor.doFilter(FilterSecurityInterceptor.java:81)\r\n	at org.springframework.security.web.FilterChainProxy$VirtualFilterChain.doFilter(FilterChainProxy.java:336)\r\n	at org.springframework.security.web.access.ExceptionTranslationFilter.doFilter(ExceptionTranslationFilter.java:119)\r\n	at org.springframework.security.web.access.ExceptionTranslationFilter.doFilter(ExceptionTranslationFilter.java:113)\r\n	at org.springframework.security.web.FilterChainProxy$VirtualFilterChain.doFilter(FilterChainProxy.java:336)\r\n	at org.springframework.security.web.session.SessionManagementFilter.doFilter(SessionManagementFilter.java:126)\r\n	at org.springframework.security.web.session.SessionManagementFilter.doFilter(SessionManagementFilter.java:81)\r\n	at org.springframework.security.web.FilterChainProxy$VirtualFilterChain.doFilter(FilterChainProxy.java:336)\r\n	at org.springframework.security.web.authentication.AnonymousAuthenticationFilter.doFilter(AnonymousAuthenticationFilter.java:105)\r\n	at org.springframework.security.web.FilterChainProxy$VirtualFilterChain.doFilter(FilterChainProxy.java:336)\r\n	at org.springframework.security.web.servletapi.SecurityContextHolderAwareRequestFilter.doFilter(SecurityContextHolderAwareRequestFilter.java:149)\r\n	at org.springframework.security.web.FilterChainProxy$VirtualFilterChain.doFilter(FilterChainProxy.java:336)\r\n	at org.springframework.security.web.savedrequest.RequestCacheAwareFilter.doFilter(RequestCacheAwareFilter.java:63)\r\n	at org.springframework.security.web.FilterChainProxy$VirtualFilterChain.doFilter(FilterChainProxy.java:336)\r\n	at org.springframework.security.web.authentication.AbstractAuthenticationProcessingFilter.doFilter(AbstractAuthenticationProcessingFilter.java:218)\r\n	at org.springframework.security.web.authentication.AbstractAuthenticationProcessingFilter.doFilter(AbstractAuthenticationProcessingFilter.java:212)\r\n	at org.springframework.security.web.FilterChainProxy$VirtualFilterChain.doFilter(FilterChainProxy.java:336)\r\n	at com.guixin.auth.JwtAuthenticationTokenFilter.doFilterInternal(JwtAuthenticationTokenFilter.java:48)\r\n	at org.springframework.web.filter.OncePerRequestFilter.doFilter(OncePerRequestFilter.java:119)\r\n	at org.springframework.security.web.FilterChainProxy$VirtualFilterChain.doFilter(FilterChainProxy.java:336)\r\n	at org.springframework.security.web.authentication.logout.LogoutFilter.doFilter(LogoutFilter.java:103)\r\n	at org.springframework.security.web.authentication.logout.LogoutFilter.doFilter(LogoutFilter.java:89)\r\n	at org.springframework.security.web.FilterChainProxy$VirtualFilterChain.doFilter(FilterChainProxy.java:336)\r\n	at org.springframework.security.web.header.HeaderWriterFilter.doHeadersAfter(HeaderWriterFilter.java:90)\r\n	at org.springframework.security.web.header.HeaderWriterFilter.doFilterInternal(HeaderWriterFilter.java:75)\r\n	at org.springframework.web.filter.OncePerRequestFilter.doFilter(OncePerRequestFilter.java:119)\r\n	at org.springframework.security.web.FilterChainProxy$VirtualFilterChain.doFilter(FilterChainProxy.java:336)\r\n	at org.springframework.security.web.context.SecurityContextPersistenceFilter.doFilter(SecurityContextPersistenceFilter.java:110)\r\n	at org.springframework.security.web.context.SecurityContextPersistenceFilter.doFilter(SecurityContextPersistenceFilter.java:80)\r\n	at org.springframework.security.web.FilterChainProxy$VirtualFilterChain.doFilter(FilterChainProxy.java:336)\r\n	at org.springframework.security.web.context.request.async.WebAsyncManagerIntegrationFilter.doFilterInternal(WebAsyncManagerIntegrationFilter.java:55)\r\n	at org.springframework.web.filter.OncePerRequestFilter.doFilter(OncePerRequestFilter.java:119)\r\n	at org.springframework.security.web.FilterChainProxy$VirtualFilterChain.doFilter(FilterChainProxy.java:336)\r\n	at org.springframework.security.web.FilterChainProxy.doFilterInternal(FilterChainProxy.java:211)\r\n	at org.springframework.security.web.FilterChainProxy.doFilter(FilterChainProxy.java:183)\r\n	at org.springframework.web.filter.DelegatingFilterProxy.invokeDelegate(DelegatingFilterProxy.java:358)\r\n	at org.springframework.web.filter.DelegatingFilterProxy.doFilter(DelegatingFilterProxy.java:271)\r\n	at org.apache.catalina.core.ApplicationFilterChain.internalDoFilter(ApplicationFilterChain.java:193)\r\n	at org.apache.catalina.core.ApplicationFilterChain.doFilter(ApplicationFilterChain.java:166)\r\n	at org.springframework.web.filter.RequestContextFilter.doFilterInternal(RequestContextFilter.java:100)\r\n	at org.springframework.web.filter.OncePerRequestFilter.doFilter(OncePerRequestFilter.java:119)\r\n	at org.apache.catalina.core.ApplicationFilterChain.internalDoFilter(ApplicationFilterChain.java:193)\r\n	at org.apache.catalina.core.ApplicationFilterChain.doFilter(ApplicationFilterChain.java:166)\r\n	at org.springframework.web.filter.FormContentFilter.doFilterInternal(FormContentFilter.java:93)\r\n	at org.springframework.web.filter.OncePerRequestFilter.doFilter(OncePerRequestFilter.java:119)\r\n	at org.apache.catalina.core.ApplicationFilterChain.internalDoFilter(ApplicationFilterChain.java:193)\r\n	at org.apache.catalina.core.ApplicationFilterChain.doFilter(ApplicationFilterChain.java:166)\r\n	at org.springframework.web.filter.CharacterEncodingFilter.doFilterInternal(CharacterEncodingFilter.java:201)\r\n	at org.springframework.web.filter.OncePerRequestFilter.doFilter(OncePerRequestFilter.java:119)\r\n	at org.apache.catalina.core.ApplicationFilterChain.internalDoFilter(ApplicationFilterChain.java:193)\r\n	at org.apache.catalina.core.ApplicationFilterChain.doFilter(ApplicationFilterChain.java:166)\r\n	at org.apache.catalina.core.StandardWrapperValve.invoke(StandardWrapperValve.java:202)\r\n	at org.apache.catalina.core.StandardContextValve.invoke(StandardContextValve.java:97)\r\n	at org.apache.catalina.authenticator.AuthenticatorBase.invoke(AuthenticatorBase.java:542)\r\n	at org.apache.catalina.core.StandardHostValve.invoke(StandardHostValve.java:143)\r\n	at org.apache.catalina.valves.ErrorReportValve.invoke(ErrorReportValve.java:92)\r\n	at org.apache.catalina.core.StandardEngineValve.invoke(StandardEngineValve.java:78)\r\n	at org.apache.catalina.connector.CoyoteAdapter.service(CoyoteAdapter.java:343)\r\n	at org.apache.coyote.http11.Http11Processor.service(Http11Processor.java:374)\r\n	at org.apache.coyote.AbstractProcessorLight.process(AbstractProcessorLight.java:65)\r\n	at org.apache.coyote.AbstractProtocol$ConnectionHandler.process(AbstractProtocol.java:888)\r\n	at org.apache.tomcat.util.net.NioEndpoint$SocketProcessor.doRun(NioEndpoint.java:1597)\r\n	at org.apache.tomcat.util.net.SocketProcessorBase.run(SocketProcessorBase.java:49)\r\n	at java.util.concurrent.ThreadPoolExecutor.runWorker(ThreadPoolExecutor.java:1149)\r\n	at java.util.concurrent.ThreadPoolExecutor$Worker.run(ThreadPoolExecutor.java:624)\r\n	at org.apache.tomcat.util.threads.TaskThread$WrappingRunnable.run(TaskThread.java:61)\r\n	at java.lang.Thread.run(Thread.java:748)\r\n','admin','2021-04-18 07:29:55'),(55,'INFO','查询菜单','127.0.0.1','内网IP','/menu','com.guixin.controller.MenuController.getAllMenus()','GET','',15,NULL,'admin','2021-05-03 13:43:16'),(56,'INFO','新增菜单','127.0.0.1','内网IP','/menu','com.guixin.controller.MenuController.add()','POST','',183,NULL,'admin','2021-05-03 13:49:20'),(57,'INFO','查询菜单','127.0.0.1','内网IP','/menu','com.guixin.controller.MenuController.getAllMenus()','GET','',16,NULL,'admin','2021-05-03 13:49:21'),(58,'INFO','查询角色','127.0.0.1','内网IP','/role','com.guixin.controller.RoleController.PageRoleList()','GET','pageNum=%5B1%5D&pageSize=%5B5%5D&query=%5B%5D',153,NULL,'admin','2021-05-03 13:49:28'),(59,'INFO','查询菜单','127.0.0.1','内网IP','/menu','com.guixin.controller.MenuController.getAllMenus()','GET','',11,NULL,'admin','2021-05-03 13:49:31'),(60,'INFO','分配权限','127.0.0.1','内网IP','/role/permission','com.guixin.controller.RoleController.Permission()','POST','',356,NULL,'admin','2021-05-03 13:49:36'),(61,'INFO','查询角色','127.0.0.1','内网IP','/role','com.guixin.controller.RoleController.PageRoleList()','GET','pageNum=%5B1%5D&pageSize=%5B5%5D&query=%5B%5D',11,NULL,'admin','2021-05-03 13:49:42'),(62,'INFO','查询角色','127.0.0.1','内网IP','/role','com.guixin.controller.RoleController.PageRoleList()','GET','pageNum=%5B1%5D&pageSize=%5B5%5D&query=%5B%5D',130,NULL,'admin','2021-05-04 02:33:38'),(63,'INFO','查询菜单','127.0.0.1','内网IP','/menu','com.guixin.controller.MenuController.getAllMenus()','GET','',19,NULL,'admin','2021-05-04 02:33:41'),(64,'INFO','分配权限','127.0.0.1','内网IP','/role/permission','com.guixin.controller.RoleController.Permission()','POST','',275,NULL,'admin','2021-05-04 02:34:04');
/*!40000 ALTER TABLE `sys_log` ENABLE KEYS */;
UNLOCK TABLES;

--
-- Table structure for table `user`
--

DROP TABLE IF EXISTS `user`;
/*!40101 SET @saved_cs_client     = @@character_set_client */;
 SET character_set_client = utf8mb4 ;
CREATE TABLE `user` (
  `user_id` int(20) NOT NULL AUTO_INCREMENT COMMENT 'ID',
  `username` varchar(255) DEFAULT NULL COMMENT '用户名',
  `gender` varchar(2) DEFAULT NULL COMMENT '性别',
  `phone` varchar(255) DEFAULT NULL COMMENT '手机号码',
  `email` varchar(255) DEFAULT NULL COMMENT '邮箱',
  `avatar` varchar(255) DEFAULT NULL COMMENT '头像',
  `password` varchar(255) DEFAULT NULL COMMENT '密码',
  `enabled` int(20) DEFAULT NULL COMMENT '状态：1启用、0禁用',
  `create_time` datetime NOT NULL DEFAULT CURRENT_TIMESTAMP COMMENT '创建时间',
  `update_time` datetime DEFAULT CURRENT_TIMESTAMP ON UPDATE CURRENT_TIMESTAMP COMMENT '更新时间',
  `deleted` int(2) DEFAULT '0' COMMENT '是否删除,1已删0未删',
  PRIMARY KEY (`user_id`)
) ENGINE=InnoDB AUTO_INCREMENT=5 DEFAULT CHARSET=utf8 COMMENT='用户表';
/*!40101 SET character_set_client = @saved_cs_client */;

--
-- Dumping data for table `user`
--

LOCK TABLES `user` WRITE;
/*!40000 ALTER TABLE `user` DISABLE KEYS */;
INSERT INTO `user` VALUES (1,'admin','男','18888888888','1234@qq.com','http://guixin-manage.oss-cn-hangzhou.aliyuncs.com/2021/04/04/37d71f02e9744f978821b64dc4d87bfb.png','$2a$10$oKXThTINDhwIYxzGpa1WLORLBNAGeP5qOnmXgpwqgykCsIfIM6CcW',1,'2021-02-18 15:33:01','2021-04-04 23:47:45',0),(3,'test','女','13888888888','1234@163.com','http://guixin-manage.oss-cn-hangzhou.aliyuncs.com/2021/04/04/b458b7a39688438a8a9f417f35628cb4.png','$2a$10$DZhrkZJ2QirJ694XxvOAIe9xBJwcl45TYlaQ5Yi7M6BzU6Qdcd13C',1,'2021-03-04 22:25:32','2021-04-17 17:33:32',0),(4,'test1','女','13988888888','138@163.com',NULL,'$2a$10$XZ1ZBK9zjtvktM865UDF/eD1lxWXmq.b211/5GOKYGidD1imXyLGi',1,'2021-03-04 23:07:42','2021-04-17 22:06:26',0);
/*!40000 ALTER TABLE `user` ENABLE KEYS */;
UNLOCK TABLES;

--
-- Table structure for table `user_role`
--

DROP TABLE IF EXISTS `user_role`;
/*!40101 SET @saved_cs_client     = @@character_set_client */;
 SET character_set_client = utf8mb4 ;
CREATE TABLE `user_role` (
  `id` int(11) NOT NULL AUTO_INCREMENT COMMENT '主键id',
  `user_id` int(20) DEFAULT NULL COMMENT '用户id',
  `role_id` int(11) DEFAULT NULL COMMENT '角色id',
  PRIMARY KEY (`id`)
) ENGINE=InnoDB AUTO_INCREMENT=28 DEFAULT CHARSET=utf8 COMMENT='用户和角色关联表';
/*!40101 SET character_set_client = @saved_cs_client */;

--
-- Dumping data for table `user_role`
--

LOCK TABLES `user_role` WRITE;
/*!40000 ALTER TABLE `user_role` DISABLE KEYS */;
INSERT INTO `user_role` VALUES (23,1,1),(26,4,3),(27,3,2);
/*!40000 ALTER TABLE `user_role` ENABLE KEYS */;
UNLOCK TABLES;

--
-- Dumping routines for database 'my_manage'
--
/*!40103 SET TIME_ZONE=@OLD_TIME_ZONE */;

/*!40101 SET SQL_MODE=@OLD_SQL_MODE */;
/*!40014 SET FOREIGN_KEY_CHECKS=@OLD_FOREIGN_KEY_CHECKS */;
/*!40014 SET UNIQUE_CHECKS=@OLD_UNIQUE_CHECKS */;
/*!40101 SET CHARACTER_SET_CLIENT=@OLD_CHARACTER_SET_CLIENT */;
/*!40101 SET CHARACTER_SET_RESULTS=@OLD_CHARACTER_SET_RESULTS */;
/*!40101 SET COLLATION_CONNECTION=@OLD_COLLATION_CONNECTION */;
/*!40111 SET SQL_NOTES=@OLD_SQL_NOTES */;

-- Dump completed on 2021-05-04 17:24:54
